"Timestamp","Emp Id","Name","Home Location","Mobile No.","Email Id"
"2018/11/27 10:57:07 am GMT+5:30","159862","HITESH GOYAL","Patran Dist. Patiala","9855688142","hitesh.goyal@capgemini.com"
"2018/11/27 10:58:46 am GMT+5:30","159928","Lingolu Mahesh","13-20-58/5 ,Nallam vari street,Bhimavaram,Andhra Pradesh","9629605839","lingolu.mahesh@capgemini.com"
"2018/11/27 11:00:52 am GMT+5:30","159935","Manali Kedar","Pune","9665612679","manali.kedar@capgemini.com"
"2018/11/27 11:00:53 am GMT+5:30","159868","Ankur Khadsare","Pune","+918855007216","ankur.khadsare@capgemini.com"
"2018/11/27 11:06:53 am GMT+5:30","159948","Sanath Maramreddy","8-24-12,gollamudi street,kavali,Nellore,Andhra Pradesh,524201","9553306408","sanath.maramreddy@capgemini.com"
"2018/11/27 11:09:12 am GMT+5:30","159861","DIBYARATNAM SAMARLIA","At/po- Charbahal.
Kalahandi
PIN-766017
Odisha","8763654788","dibyaratnam.samarlia@capgemini.com"
"2018/11/27 11:11:01 am GMT+5:30","159938","Pankush Kapoor","#527, Urban Estate Phase-2, Patiala, Punjab","9815667545","pankush.kapoor@capgemini.com"
"2018/11/27 11:11:31 am GMT+5:30","159944","Sushant Dey","Jamshedpur, Jharkhand","7004308409","sushant.dey@capgemini.com"
"2018/11/27 11:11:37 am GMT+5:30","159956","Shraddha Singh","B-1/15, sector C, Aliganj, Lucknow, Uttar Pradesh. 226024","7837179926","shraddha.e.singh@capgemini.com"
"2018/11/27 11:14:21 am GMT+5:30","159876","Anayatullah Rafe","Behind:-DON BOSCO School,Bibi Pakar,PO:-Lalbagh,Laherisarai,Darbhanga,Bihar-846004","7079340359","anayatullah.rafe@capgemini.com"
"2018/11/27 11:15:39 am GMT+5:30","159931","KESHAV KUMAR AGARWAL","SHIV GANGA APARTMENT,TELEPHONE EXCHANGE ROAD,DHANBAD,JHARKHAND","9693866489","keshav.agarwal@capgemini.com"
"2018/11/27 11:16:25 am GMT+5:30","159947","Sai Subhash Tatikonda","21-8-37,K.K road , Ponnur, Guntur district, Andhra Pradesh,Pin:522124","8555983929","sai-subhash.tatikonda@capgemini.com"
"2018/11/27 11:17:12 am GMT+5:30","159971","Sunandan Raj Pullagura","Flat no:407,White House Apartments,Krishna nagar 6th line,Guntur, Andhra Pradesh.
Pin:522006","9989619755","pullagura.raj@capgemini.com"
"2018/11/27 11:19:46 am GMT+5:30","159880","Harleen","Patiala, Punjab","9115118682","harryaggarwal1996@gmail.com"
"2018/11/27 11:20:33 am GMT+5:30","159866","INDUKURI RENUKA DEVI","Lig a 101 Sagar Nagar Visakhapatnam ,Andhra Pradesh","9431327629","indukuri.devi@capgemini.com"
"2018/11/27 11:21:44 am GMT+5:30","159863","Ayush Goel","17/5, Shakti Nagar, Delhi- 110007","9990964681","ayush.goel@capgemini.com"
"2018/11/27 11:22:03 am GMT+5:30","159946","Sri Ratna Akkineni","58-21-39/1A,
Near Bhasyam School,
Butchirajpalem,
N.A.D,
Visakhapatnam,
Andhra Pradesh-530027","9500645692","Sri-ratna.akkineni@ capgemini.com"
"2018/11/27 11:23:42 am GMT+5:30","159942","Neelam Achal Topno","Qr. No. Type-II-TS-154,New A.G.Colony, Doranda ,Ranchi, Jharkhand, Pincode-834002","9123100545","neelam.topno@capgemini.com"
"2018/11/27 11:23:52 am GMT+5:30","159955","Suddhapalli Neela Sharvani","H.No:5-3-2/73, Padmavathi Colony, Boduppal, Hyderabad - 500 092, Telangana State","9373670389","suddhapalli.sharvani@capgemini.com"
"2018/11/27 11:24:12 am GMT+5:30","159972","Lokesh Kumar","HNo. S/3 safali road, Cable Town, Tinplate, Golmuri 831003, Jamshedpur , Jharkhand","6381189056","lokesh.c.kumar@capgemini.com"
"2018/11/27 11:24:15 am GMT+5:30","159957","Somnath Dey","Bokaro, Jharkhand ","7004827671","somnath.dey@capgemini.com "
"2018/11/27 11:25:06 am GMT+5:30","159945","VENKATA KALYAN REDDY RAMIREDDY","D.No: 23-17-6, Haripuram, Rajahmundry, Andhra Pradesh, PIN Code: 533101","7330616311","venkata-kalyan-reddy.ramireddy@capgemini.com"
"2018/11/27 11:25:20 am GMT+5:30","159953","BARIGALA SUPRATHIK NIKHIL","LIG-53,APIIC COLONY,NORT KAMALA NAGAR,ECIL POST,HYDERABAD,500062","7032211079","suprathik-nikhil.barigala@capgemini.com"
"2018/11/27 11:25:24 am GMT+5:30","159872","Bukkapindla Anand Babu","13-163,Sanjeev nagar,kasapuram road,Guntakal,Anantapur dist,Andhra Pradesh","7989721253","anand-babu.bukkapindla@capgemini.com"
"2018/11/27 11:26:35 am GMT+5:30","ashav21011996@gmail.com","Ashav kumar","Tedi Bagiya Agra UP -282006","7050312950","ashav.kumar@capgemini.com"
"2018/11/27 11:28:59 am GMT+5:30","159952","Shravan Marutha","Q.No: NC-151, 8-Incline colony, Karimnagar, Telangana-505211.","9550537838","shravan.marutha@capgemini.com"
"2018/11/27 11:29:18 am GMT+5:30","159949","Kandadai Sesha Sai Abhinav Kaushal ","Flat No:201, D.No:24A-11-4, Road No.: 03, Ashok Nagar, Eluru, West Godavari Dist., Andhra Pradesh, India. PIN Code : 534002","8886838369","sesha-sai-abhinav-kaushal.kandadai@capgemini.com "
"2018/11/27 11:34:03 am GMT+5:30","159943","Vivek Singla","H.no 27,sec 19B,vishkarma nagar,Mandi Gobindgarh,147301,Punjab","8284844809","Vivek.b.singla@capgemini.com"
"2018/11/27 11:34:44 am GMT+5:30","159867","Amisha Verma","Hazaribagh,Jharkhand","7634919533","amisha.verma@capgemini.com"
"2018/11/27 11:36:45 am GMT+5:30","159870","Aparajita","Jagdishpur,surajgarha,lakhisarai-811106,bihar","8298443326","aparajita.aparajita@capgemini.com"
"2018/11/27 11:37:02 am GMT+5:30","159877","GAJENDRA HEDAU","Sunaro ka baas, Near old post office  Samdari (Barmer) Rajasthan 344021","8340380664","gajendra.hedau@capgemini.com"
"2018/11/27 11:43:57 am GMT+5:30","159875","Harshit Kaushik","H 40 tagore path, jaipur","08114418738","harshit.kaushik@capgemini.com"
"2018/11/27 11:44:58 am GMT+5:30","159929","Kothuri Sri Charan","Chirala, Andhra Pradesh","9640567325","kothuri.charan@capgemini.com"
"2018/11/27 11:48:13 am GMT+5:30","159936","Nikhil Maheshwari","1064, Mahaveer Nagar I, Kota, Rajasthan,324005","9521872836","nikhil.maheshwari@capgemini.com"
"2018/11/27 11:48:19 am GMT+5:30","159879","Anmol Singhal","101, Indersadan Govindpuri, Haridwar Uttarakhand ","7837179659","anmol.singhal@capgemini.com"
"2018/11/27 11:48:39 am GMT+5:30","159951","Roopam","H.no. 2853, Sector 49-D, Chandigarh, 160047","8872678800","roopam.a.roopam@capgemini.com"
"2018/11/27 11:50:02 am GMT+5:30","159934","Rishabh Gupta","#25-A Khalsa College Colony,Patiala,Punjab","7589469580","rishabh.a.gupta@capgemini.com"
"2018/11/27 11:51:46 am GMT+5:30","159954","Sundar Lal Bishnoi","Near Jambheshwar Temple, VPO-Kakra, Teh.-Nokha, Dist.- Bikaner, Rajasthan 
Pin code- 334802","8122349512","sundar.bishnoi@capgemini.com"
"2018/11/27 11:54:58 am GMT+5:30","159871","Deepak Mittal","#46, Ward No.  6, Baja Road,  Bariwala Mandi,  Muktsar Punjab-152025","8558093639","deepak.mittal@capgemini.com"
"2018/11/27 11:56:40 am GMT+5:30","159878","Atul Anand","Sonartoli, Simdega, Jharkhand (835223)","7903631537","atul.anand@capgemini.com"
"2018/11/27 11:56:57 am GMT+5:30","159864","Harish S","252/90 G.A Road, Old Washermenpet, Chennai: 600021","8056141470","harish.c.s@capgemini.com"
"2018/11/27 12:05:40 pm GMT+5:30","159964","Ghazal Khanna","Amritsar","09814502899","ghazalkhanna08@gmail.com"
"2018/11/27 12:10:46 pm GMT+5:30","159950","Rishabh Tandon","Tandon Cottage, Alam Street, Ward no. 24, Guru Ram Dass Nagar, M.K. Road, Khanna, Punjab","7837456645","rishabh.tandon@capgemini.com"
"2018/11/27 12:11:46 pm GMT+5:30","159940","Pranav Sharma","HNo 23-C, B-2 Block , Lawrence road, keshavpuram , Delhi -110035","9542979731","pranav.b.sharma@capgemini.com"
"2018/11/27 12:12:54 pm GMT+5:30","159941","Balaga Prasanthi","RAGOLU, Srikakulam, Andhra Pradesh, pincode:532484","7901006188","prasanthi.balaga@capgemini.com"
"2018/11/27 12:13:04 pm GMT+5:30","159917","Kajanpreet Kaur Randhawa","77-A Officer Enclave Mithapur Cantt Road Jalandhar, Punjab,144022","8699510894","kajanpreet.randhawa@capgemini.com"
"2018/11/27 12:13:34 pm GMT+5:30","159937","Nitika Garg","#182, Kamla Nehru Colony, Bathinda, Punjab-151001","9779422068","nitika.garg@capgemini.com"
"2018/11/27 12:17:13 pm GMT+5:30","kind.krishnajs@gmail.com ","Krishna Kumar ","C/o Ramkumar Prasad, Opposite DAV School,Station Road, Buxar, Bihar","9110027403 ","krishna.k.kumar@capgemini.com"
"2018/11/27 12:22:26 pm GMT+5:30","159873","ANMOL SHIVAM KAUR","Dhanbad","8986828016","anmolshivamkaur@gmail.com"
"2018/11/27 12:24:25 pm GMT+5:30","159932","TIRUNAGARI KRISHNA PRIYANKA","Eluru,West Godavari District,Andhra Pradesh","9430388316","krishna-priyanka.tirunagari@capgemini.com"
"2018/11/27 12:25:58 pm GMT+5:30","159859","Harkanwalpreet Singh","Ludhiana, Punjab (141002)","9779238824","harkanwalpreet.singh@capgemini.com"
"2018/11/27 12:34:20 pm GMT+5:30","159865","Abhishek Sharma","4825/16,Guru Arjan Dev Nagar,Dilawari Street,Putlighar,Amritsar","9463744770","abhishek.ab.sharma@capgemini.com"
"2018/11/27 12:34:40 pm GMT+5:30","159874","Aman chawla","J 35, lane 9, majithia enclave, Patiala ","8699826212","Aman.chawla@capgemini.com"